"","date","opens","messages_received","messages_sent","likes","passes","matches"
"1",2014-11-12,0,0,0,24,40,1
"2",2014-11-13,0,0,0,8,23,0
"3",2014-11-14,0,0,0,3,18,0
"4",2014-11-16,0,0,0,12,50,1
"5",2014-11-17,0,0,0,6,28,1
"6",2014-11-18,0,0,0,9,38,1
"7",2014-11-19,0,0,0,9,21,0
"8",2014-11-20,0,0,0,8,13,0
"9",2014-12-01,0,0,0,8,34,0
"10",2014-12-02,0,0,0,9,41,0
"11",2014-12-05,0,0,0,33,64,1
"12",2014-12-06,0,0,0,19,26,1
"13",2014-12-07,0,0,0,14,31,0
"14",2014-12-08,0,0,0,12,22,0
"15",2014-12-09,0,0,0,22,40,0
"16",2014-12-10,0,0,0,1,6,0
"17",2014-12-16,0,0,0,2,2,0
"18",2014-12-17,0,0,0,0,0,1
"19",2014-12-18,0,0,0,0,0,2
"20",2014-12-19,0,0,0,0,0,1
"21",2014-12-27,0,0,0,48,131,1
"22",2014-12-28,0,0,0,6,27,1
"23",2014-12-29,0,0,0,25,53,0
"24",2014-12-30,0,0,0,7,22,0
"25",2014-12-31,0,0,0,17,29,0
"26",2015-01-01,0,0,0,23,39,0
"27",2015-01-02,0,0,0,11,8,3
"28",2015-01-03,0,0,0,4,13,1
"29",2015-01-05,0,0,0,28,42,2
"30",2015-01-06,0,0,0,0,0,3
"31",2015-01-08,0,0,0,0,0,1
"32",2015-01-09,0,0,0,0,0,2
"33",2015-01-13,0,0,0,0,0,2
"34",2015-01-14,0,0,0,0,0,1
"35",2015-01-18,0,0,0,0,0,3
"36",2015-01-19,0,0,0,0,0,3
"37",2015-01-20,0,0,0,0,0,2
"38",2015-01-21,0,0,0,0,0,1
"39",2015-01-24,0,0,0,0,0,3
"40",2015-01-25,0,0,0,0,0,3
"41",2015-01-28,0,0,0,0,0,2
"42",2015-01-29,0,0,0,0,0,2
"43",2015-02-03,0,0,0,0,0,3
"44",2015-02-04,0,0,0,7,32,1
"45",2015-02-05,0,0,0,15,18,1
"46",2015-02-08,0,0,0,2,15,0
"47",2015-02-10,0,0,0,2,2,1
"48",2015-02-11,0,0,0,0,0,1
"49",2015-02-12,0,0,0,1,1,2
"50",2015-02-13,0,0,0,4,9,1
"51",2015-02-14,0,0,0,4,8,2
"52",2015-02-16,0,0,0,2,18,2
"53",2015-02-18,0,0,0,4,3,3
"54",2015-02-19,0,0,0,0,0,4
"55",2015-02-20,0,0,0,0,0,1
"56",2015-02-24,0,0,0,7,20,0
"57",2015-02-26,0,0,0,0,0,2
"58",2015-02-27,0,0,0,0,0,1
"59",2015-03-01,0,0,0,0,0,1
"60",2015-03-03,0,0,0,2,2,2
"61",2015-03-04,0,0,0,0,0,2
"62",2015-03-09,0,0,0,1,14,1
"63",2015-03-10,0,0,0,2,16,2
"64",2015-03-13,0,0,0,0,0,1
"65",2015-03-14,0,0,0,21,82,7
"66",2015-03-15,0,0,0,3,2,1
"67",2015-03-17,0,0,0,0,0,1
"68",2015-03-18,0,0,0,5,13,2
"69",2015-03-19,0,0,0,7,42,1
"70",2015-03-20,0,0,0,3,10,1
"71",2015-03-21,0,0,0,0,1,0
"72",2015-03-23,0,0,0,2,7,0
"73",2015-03-24,0,0,0,0,0,1
"74",2015-03-25,0,0,0,0,5,1
"75",2015-03-26,0,0,0,1,7,0
"76",2015-03-27,0,0,0,3,5,0
"77",2015-03-29,0,0,0,0,1,0
"78",2015-03-30,0,0,0,0,8,0
"79",2015-03-31,0,0,0,0,1,0
"80",2015-04-04,0,0,0,0,1,0
"81",2015-04-05,0,0,0,4,7,2
"82",2015-04-06,0,0,0,0,3,0
"83",2015-04-08,0,0,0,1,4,0
"84",2015-04-10,0,0,0,2,5,0
"85",2015-04-14,0,0,0,0,0,1
"86",2015-04-15,0,0,0,4,8,0
"87",2015-04-16,0,0,0,7,6,0
"88",2015-04-19,0,0,0,2,11,0
"89",2015-04-21,0,0,0,0,7,1
"90",2015-04-22,0,0,0,2,4,1
"91",2015-04-24,0,0,0,1,4,0
"92",2015-04-28,0,0,0,1,7,0
"93",2015-04-30,0,0,0,1,3,0
"94",2015-05-02,0,0,0,2,7,0
"95",2015-05-06,0,0,0,0,0,1
"96",2015-05-08,0,0,0,3,1,24
"97",2015-05-09,0,0,0,3,1,0
"98",2015-05-10,0,0,0,3,5,1
"99",2015-05-15,0,0,0,4,10,0
"100",2015-05-18,0,0,0,6,15,0
"101",2015-05-20,0,0,0,9,6,0
"102",2015-05-21,0,0,0,11,14,1
"103",2015-05-22,0,0,0,5,6,0
"104",2015-05-23,0,0,0,3,5,0
"105",2015-05-24,0,0,0,5,4,1
"106",2015-05-25,0,0,0,3,1,0
"107",2015-05-26,0,0,0,0,0,2
"108",2015-05-27,0,0,0,1,5,0
"109",2015-05-28,0,0,0,0,0,1
"110",2015-05-29,0,0,0,0,1,0
"111",2015-05-31,5,0,0,0,0,0
"112",2015-06-01,7,0,0,0,0,1
"113",2015-06-02,6,0,0,7,3,3
"114",2015-06-03,57,0,0,2,4,10
"115",2015-06-04,2,0,0,0,0,1
"116",2015-06-06,2,0,0,0,0,2
"117",2015-06-07,5,0,0,0,0,4
"118",2015-06-08,8,0,0,4,4,5
"119",2015-06-09,9,0,0,0,0,1
"120",2015-06-10,3,0,0,0,0,3
"121",2015-06-11,15,0,0,9,11,1
"122",2015-06-12,7,0,0,7,29,0
"123",2015-06-13,2,0,0,0,0,1
"124",2015-06-14,1,0,0,4,18,0
"125",2015-06-16,0,0,0,9,24,2
"126",2015-06-17,8,0,0,15,29,1
"127",2015-06-18,6,0,0,6,14,4
"128",2015-06-19,8,0,0,21,50,1
"129",2015-06-20,2,0,0,0,0,0
"130",2015-06-21,2,0,0,0,0,0
"131",2015-06-22,3,0,0,3,6,4
"132",2015-06-23,32,0,0,17,51,3
"133",2015-06-24,4,0,0,4,4,0
"134",2015-06-25,20,0,0,10,27,1
"135",2015-06-27,1,0,0,0,0,0
"136",2015-06-28,3,0,0,0,0,0
"137",2015-06-29,5,0,0,0,0,0
"138",2015-06-30,2,0,0,1,0,2
"139",2015-07-01,3,0,0,0,0,2
"140",2015-07-02,3,0,0,24,70,0
"141",2015-07-03,9,0,0,2,5,1
"142",2015-07-05,4,0,0,19,41,1
"143",2015-07-07,4,0,0,0,8,0
"144",2015-07-13,9,0,0,0,0,0
"145",2015-07-14,2,0,0,0,0,0
"146",2015-07-20,16,0,0,82,203,6
"147",2015-07-21,40,0,0,27,33,4
"148",2015-07-22,62,0,0,15,30,1
"149",2015-07-23,8,0,0,4,4,0
"150",2015-07-24,2,0,0,3,8,1
"151",2015-07-27,0,0,0,0,0,1
"152",2015-07-28,3,0,0,0,0,0
"153",2015-07-29,5,0,0,45,119,1
"154",2015-07-30,2,0,0,7,31,0
"155",2015-08-01,0,0,0,0,0,1
"156",2015-08-04,1,0,0,35,122,2
"157",2015-08-05,1,0,0,0,0,0
"158",2015-08-06,2,0,0,8,19,0
"159",2015-08-10,1,0,0,0,0,0
"160",2015-08-11,2,0,0,0,0,0
"161",2015-08-13,8,0,0,7,35,2
"162",2015-08-15,3,0,0,62,178,2
"163",2015-08-16,0,0,0,0,0,2
"164",2015-08-17,1,0,0,0,0,0
"165",2015-08-21,5,0,0,32,107,4
"166",2015-08-28,1,0,0,1,1,0
"167",2015-09-02,3,0,0,0,8,1
"168",2015-09-04,10,0,0,105,262,7
"169",2015-09-05,0,0,0,0,0,1
"170",2015-09-07,5,0,0,11,18,1
"171",2015-09-08,4,0,0,36,96,3
"172",2015-09-09,8,0,0,7,11,2
"173",2015-09-10,2,0,0,4,7,0
"174",2015-09-11,3,0,0,22,60,3
"175",2015-09-14,2,0,0,24,56,0
"176",2015-09-15,1,0,0,10,16,1
"177",2015-09-17,0,0,0,0,0,1
"178",2015-09-18,2,0,0,0,0,0
"179",2015-09-19,1,0,0,32,87,2
"180",2015-09-20,1,1,0,0,0,1
"181",2015-09-21,2,0,0,0,2,1
"182",2015-09-22,1,0,0,1,3,0
"183",2015-09-25,1,0,0,41,105,3
"184",2015-09-26,0,0,0,0,0,2
"185",2015-09-27,0,0,0,0,0,1
"186",2015-09-28,0,0,0,0,0,1
"187",2015-09-29,9,7,16,35,94,3
"188",2015-09-30,11,2,6,15,25,3
"189",2015-10-01,2,1,2,1,4,0
"190",2015-10-04,0,1,0,0,0,0
"191",2015-10-05,0,1,0,0,0,0
"192",2015-10-06,50,13,30,45,115,5
"193",2015-10-07,11,0,1,3,2,0
"194",2015-10-08,4,0,0,0,0,2
"195",2015-10-09,1,0,0,0,1,0
"196",2015-10-11,1,0,0,0,0,0
"197",2015-10-12,1,1,1,13,25,3
"198",2015-10-13,4,0,0,51,96,1
"199",2015-10-14,3,0,0,6,7,1
"200",2015-10-15,5,1,1,0,0,1
"201",2015-10-18,3,0,3,13,53,3
"202",2015-10-19,6,3,3,2,25,1
"203",2015-10-20,5,1,1,5,17,0
"204",2015-10-21,3,0,0,26,59,1
"205",2015-10-22,5,0,0,12,14,1
"206",2015-10-23,3,0,0,0,0,1
"207",2015-10-24,0,1,0,0,0,0
"208",2015-10-26,12,0,1,0,0,2
"209",2015-10-27,3,0,2,0,0,0
"210",2015-10-28,4,0,1,0,0,0
"211",2015-10-29,1,0,0,0,0,0
"212",2015-10-30,15,9,11,36,117,7
"213",2015-10-31,14,16,15,113,590,11
"214",2015-11-01,20,7,10,5,122,10
"215",2015-11-02,19,6,9,23,41,7
"216",2015-11-03,3,0,0,10,33,0
"217",2015-11-04,7,0,0,1,5,2
"218",2015-11-05,1,0,1,0,0,0
"219",2015-11-06,7,6,5,13,46,4
"220",2015-11-07,2,0,2,0,0,0
"221",2015-11-08,1,0,0,0,0,0
"222",2015-11-09,4,5,7,62,79,1
"223",2015-11-10,11,13,14,10,19,4
"224",2015-11-11,7,0,1,0,0,0
"225",2015-11-12,3,1,0,31,35,4
"226",2015-11-18,2,1,2,0,0,0
"227",2015-11-20,2,0,0,40,157,2
"228",2015-11-22,0,0,0,0,0,1
"229",2015-11-26,0,0,0,0,0,1
"230",2015-11-30,8,0,3,53,123,7
"231",2015-12-01,10,8,9,6,28,4
"232",2015-12-02,5,4,2,0,0,0
"233",2015-12-03,2,0,0,2,12,0
"234",2015-12-04,0,0,0,0,0,1
"235",2015-12-08,0,0,0,0,0,1
"236",2015-12-10,6,0,0,0,0,0
"237",2015-12-12,8,2,1,49,103,4
"238",2015-12-13,0,2,0,0,0,0
"239",2015-12-14,2,1,4,10,54,0
"240",2015-12-15,8,1,3,0,0,2
"241",2015-12-16,5,0,0,7,26,0
"242",2015-12-17,12,0,1,9,14,3
"243",2015-12-18,2,0,0,0,0,1
"244",2015-12-21,0,0,0,0,0,1
"245",2015-12-22,1,0,0,0,0,0
"246",2015-12-23,1,2,5,56,129,7
"247",2015-12-24,44,20,22,16,16,2
"248",2015-12-25,0,1,0,0,1,1
"249",2015-12-26,3,0,0,0,0,0
"250",2016-01-01,25,9,18,120,462,7
"251",2016-01-02,73,59,88,56,362,21
"252",2016-01-03,101,159,158,70,520,19
"253",2016-01-04,5,6,4,0,0,2
"254",2016-01-05,18,21,24,7,54,0
"255",2016-01-06,8,4,3,0,0,0
"256",2016-01-07,9,5,6,0,0,0
"257",2016-01-08,8,2,0,1,7,1
"258",2016-01-09,1,0,3,0,0,0
"259",2016-01-10,5,1,1,13,28,1
"260",2016-01-11,7,0,0,4,7,1
"261",2016-01-12,1,0,0,12,46,1
"262",2016-01-13,1,1,1,9,0,3
"263",2016-01-15,7,0,2,13,28,1
"264",2016-01-16,7,1,0,2,4,0
"265",2016-01-17,34,15,21,9,8,1
"266",2016-01-18,27,6,10,11,26,1
"267",2016-01-19,0,3,0,0,0,0
"268",2016-01-20,2,0,0,1,8,0
"269",2016-01-21,22,41,56,32,91,1
"270",2016-01-22,9,2,2,3,1,0
"271",2016-01-23,2,0,2,14,41,2
"272",2016-01-24,1,2,1,9,35,2
"273",2016-01-25,1,0,0,3,4,0
"274",2016-01-26,1,0,0,1,4,1
"275",2016-01-27,1,0,0,0,1,1
"276",2016-01-28,7,4,11,3,22,3
"277",2016-01-29,0,1,0,0,0,0
"278",2016-01-31,4,0,1,0,0,0
"279",2016-02-02,2,2,2,16,117,4
"280",2016-02-03,1,2,0,0,6,0
"281",2016-02-04,0,0,0,0,0,1
"282",2016-02-05,0,1,0,0,0,0
"283",2016-02-06,1,0,0,0,8,0
"284",2016-02-18,7,2,2,51,233,7
"285",2016-02-19,10,0,0,13,21,2
"286",2016-02-20,6,0,0,16,21,5
"287",2016-02-21,28,12,14,21,37,1
"288",2016-02-22,7,2,1,22,27,1
"289",2016-02-23,2,0,0,1,4,0
"290",2016-02-24,20,0,1,25,33,4
"291",2016-02-25,9,0,0,2,2,0
"292",2016-02-26,1,0,0,1,0,0
"293",2016-02-27,6,1,0,54,89,4
"294",2016-02-28,3,0,1,2,5,1
"295",2016-02-29,0,0,0,0,0,1
"296",2016-03-01,2,1,0,12,16,4
"297",2016-03-02,2,1,3,6,10,1
"298",2016-03-03,0,1,0,0,0,0
"299",2016-03-05,2,1,5,1,4,0
"300",2016-03-06,5,4,4,51,105,7
"301",2016-03-07,12,6,10,17,25,2
"302",2016-03-08,2,0,0,12,16,0
"303",2016-03-09,8,1,0,6,10,3
"304",2016-03-10,3,1,2,6,10,1
"305",2016-03-11,1,1,1,13,43,1
"306",2016-03-12,3,0,0,8,51,0
"307",2016-03-14,1,0,0,0,0,0
"308",2016-03-15,6,4,5,27,62,2
"309",2016-03-16,4,3,2,0,0,2
"310",2016-03-17,2,3,3,0,0,0
"311",2016-03-18,6,0,0,25,55,3
"312",2016-03-21,0,1,0,0,0,0
"313",2016-03-23,5,0,5,47,58,5
"314",2016-03-24,40,19,35,16,30,5
"315",2016-03-25,5,0,0,9,44,5
"316",2016-03-26,5,2,1,25,242,11
"317",2016-03-27,0,0,0,0,0,1
"318",2016-03-28,3,0,8,17,102,0
"319",2016-03-29,64,38,55,72,157,4
"320",2016-03-30,9,1,1,8,18,0
"321",2016-03-31,6,2,2,21,19,2
"322",2016-04-01,5,2,2,9,33,0
"323",2016-04-03,17,1,2,24,60,2
"324",2016-04-04,6,2,2,4,15,1
"325",2016-04-05,11,0,0,17,20,3
"326",2016-04-06,92,40,75,1148,3506,52
"327",2016-04-07,24,16,19,186,741,35
"328",2016-04-08,0,5,0,15,20,7
"329",2016-04-09,17,5,15,272,621,6
"330",2016-04-10,135,125,164,1632,3512,91
"331",2016-04-11,18,22,25,225,587,44
"332",2016-04-12,91,104,137,1231,3548,65
"333",2016-04-13,117,247,262,528,1897,72
"334",2016-04-14,29,49,57,1,11,27
"335",2016-04-15,10,23,9,0,0,4
"336",2016-04-16,74,99,166,523,1175,55
"337",2016-04-17,74,103,128,66,120,24
"338",2016-04-18,62,106,102,299,666,21
"339",2016-04-19,67,48,64,314,809,23
"340",2016-04-20,44,19,30,16,18,16
"341",2016-04-21,2,12,0,0,0,5
"342",2016-04-22,1,3,0,0,0,3
"343",2016-04-23,0,3,0,0,0,0
"344",2016-04-24,21,28,38,3,21,1
"345",2016-04-25,9,5,6,2,6,2
"346",2016-04-26,9,7,19,93,441,19
"347",2016-04-27,91,121,151,462,1945,30
"348",2016-04-28,103,65,91,778,1701,60
"349",2016-04-29,16,12,9,9,23,40
"350",2016-04-30,23,43,67,47,221,14
"351",2016-05-01,69,70,93,232,407,22
"352",2016-05-02,117,68,86,211,483,26
"353",2016-05-03,7,9,8,31,115,13
"354",2016-05-04,5,5,1,11,13,3
"355",2016-05-05,4,13,4,9,17,5
"356",2016-05-06,2,1,1,16,31,5
"357",2016-05-07,5,2,2,0,0,2
"358",2016-05-08,37,60,71,153,422,37
"359",2016-05-09,71,92,109,131,399,22
"360",2016-05-10,16,15,19,9,19,9
"361",2016-05-11,22,13,9,30,75,6
"362",2016-05-12,42,17,24,83,233,11
"363",2016-05-13,7,10,5,2,1,9
"364",2016-05-14,64,50,59,54,122,10
"365",2016-05-15,8,6,6,20,21,3
"366",2016-05-16,7,5,5,29,51,6
"367",2016-05-17,1,3,0,0,0,3
"368",2016-05-18,5,1,3,4,13,1
"369",2016-05-19,13,0,1,10,6,1
"370",2016-05-20,12,8,5,4,7,1
"371",2016-05-21,3,1,0,0,0,1
"372",2016-05-22,4,0,1,9,11,3
"373",2016-05-23,13,7,10,4,8,0
"374",2016-05-24,2,0,0,0,0,0
"375",2016-05-25,2,1,0,0,0,0
"376",2016-05-26,21,5,9,167,468,9
"377",2016-05-27,0,1,0,0,0,8
"378",2016-05-28,54,36,54,253,538,22
"379",2016-05-29,89,49,44,638,1440,23
"380",2016-05-30,81,106,142,319,950,32
"381",2016-05-31,57,79,70,207,429,16
"382",2016-06-01,54,49,53,22,47,13
"383",2016-06-02,75,61,121,520,1380,20
"384",2016-06-03,27,26,29,60,87,15
"385",2016-06-04,9,9,7,3,6,5
"386",2016-06-05,29,13,14,140,308,5
"387",2016-06-06,18,13,14,29,81,7
"388",2016-06-07,14,11,15,19,40,7
"389",2016-06-08,0,0,0,0,0,3
"390",2016-06-09,1,0,3,66,204,4
"391",2016-06-10,163,158,216,1229,2612,40
"392",2016-06-11,49,45,63,72,143,32
"393",2016-06-12,30,21,19,22,34,3
"394",2016-06-13,95,56,93,260,519,20
"395",2016-06-14,140,119,165,183,331,11
"396",2016-06-15,107,44,70,87,195,6
"397",2016-06-16,6,3,7,0,0,3
"398",2016-06-17,19,14,13,107,339,1
"399",2016-06-18,2,3,1,0,0,5
"400",2016-06-19,1,3,2,0,0,3
"401",2016-06-20,2,0,2,0,0,1
"402",2016-06-21,5,1,2,1,2,1
"403",2016-06-22,3,1,0,1,0,6
"404",2016-06-23,5,1,1,27,52,3
"405",2016-06-24,29,28,38,240,522,10
"406",2016-06-25,57,65,70,7,14,23
"407",2016-06-26,0,4,0,0,0,3
"408",2016-06-27,127,133,181,188,454,9
"409",2016-06-28,60,33,53,16,35,7
"410",2016-06-29,42,20,22,8,8,2
"411",2016-06-30,44,19,28,112,252,6
"412",2016-07-01,14,7,7,4,8,4
"413",2016-07-02,147,111,157,556,1160,24
"414",2016-07-03,24,18,21,2,3,11
"415",2016-07-04,83,61,78,195,400,18
"416",2016-07-05,109,88,104,110,238,5
"417",2016-07-06,7,9,6,13,19,2
"418",2016-07-07,21,7,13,79,201,4
"419",2016-07-08,95,27,46,667,1673,29
"420",2016-07-09,42,10,8,63,145,20
"421",2016-07-10,1,3,0,33,48,8
"422",2016-07-11,6,0,5,14,21,8
"423",2016-07-12,19,10,20,11,25,2
"424",2016-07-13,4,0,1,8,13,1
"425",2016-07-14,7,1,2,17,31,1
"426",2016-07-15,2,0,0,0,0,0
"427",2016-07-16,2,0,0,11,13,3
"428",2016-07-17,4,1,1,22,32,2
"429",2016-07-18,2,2,1,8,15,1
"430",2016-07-19,10,4,6,18,34,0
"431",2016-07-20,6,2,1,6,14,3
"432",2016-07-21,14,15,17,7,20,0
"433",2016-07-22,1,0,0,0,0,0
"434",2016-07-23,2,1,0,0,0,1
"435",2016-07-24,0,0,0,0,0,2
"436",2016-07-25,2,0,0,2,2,0
"437",2016-07-26,8,0,0,29,64,2
"438",2016-07-27,0,1,0,5,7,2
"439",2016-07-28,4,1,0,4,4,0
"440",2016-07-30,0,0,0,0,0,1
"441",2016-08-02,5,2,0,20,39,2
"442",2016-08-03,0,3,0,5,9,2
"443",2016-08-05,7,2,2,19,43,0
"444",2016-08-06,9,4,1,3,0,3
"445",2016-08-11,0,1,0,0,0,0
"446",2016-08-12,0,0,0,0,0,2
"447",2016-08-14,2,0,2,0,0,1
"448",2016-08-16,8,4,9,24,99,4
"449",2016-08-17,5,2,1,1,1,2
"450",2016-08-18,0,0,0,0,0,1
"451",2016-08-19,0,1,0,0,0,0
"452",2016-08-20,2,1,1,0,0,2
"453",2016-08-21,0,0,0,0,0,1
"454",2016-08-23,1,1,1,0,0,1
"455",2016-08-26,3,1,5,83,186,12
"456",2016-08-27,12,9,10,10,22,0
"457",2016-08-30,2,0,0,0,0,0
"458",2016-09-01,3,0,0,57,131,3
"459",2016-09-02,23,3,15,414,787,26
"460",2016-09-03,45,29,48,211,555,21
"461",2016-09-04,59,43,46,24,28,9
"462",2016-09-05,57,59,98,158,314,19
"463",2016-09-06,141,114,141,252,372,25
"464",2016-09-07,9,10,6,33,46,18
"465",2016-09-08,64,54,94,81,151,23
"466",2016-09-09,27,22,18,86,195,29
"467",2016-09-10,8,2,1,13,17,0
"468",2016-09-11,0,2,0,0,0,7
"469",2016-09-12,0,3,0,0,0,4
"470",2016-09-13,0,0,0,0,0,3
"471",2016-09-14,0,0,0,0,0,2
"472",2016-09-15,3,0,12,3,3,0
"473",2016-09-16,12,15,14,9,17,6
"474",2016-09-17,2,1,4,0,1,1
"475",2016-09-18,9,8,7,4,8,1
"476",2016-09-20,2,0,0,0,0,0
"477",2016-09-26,11,12,15,12,20,3
"478",2016-09-27,36,32,46,71,179,22
"479",2016-09-28,7,8,12,50,112,9
"480",2016-09-29,11,22,44,80,234,8
"481",2016-09-30,65,114,149,186,517,21
"482",2016-10-01,106,96,110,27,88,14
"483",2016-10-02,27,20,31,34,75,8
"484",2016-10-03,0,3,0,0,0,1
"485",2016-10-04,7,3,13,16,37,7
"486",2016-10-05,0,1,0,0,0,1
"487",2016-10-06,17,18,22,0,4,3
"488",2016-10-07,0,29,40,0,0,4
"489",2016-10-08,0,1,1,0,0,0
"490",2016-10-09,0,0,0,0,0,2
"491",2016-10-10,0,0,1,0,0,0
"492",2016-10-11,0,0,0,0,2,0
"493",2016-10-12,3,0,0,1,6,4
"494",2016-10-13,50,24,44,88,211,11
"495",2016-10-14,130,80,92,34,67,7
"496",2016-10-15,0,3,0,0,0,2
"497",2016-10-16,56,56,68,35,91,4
"498",2016-10-17,22,13,15,8,4,4
"499",2016-10-18,3,0,1,11,25,3
"500",2016-10-19,0,1,0,0,0,0
"501",2016-10-20,8,4,5,8,55,2
"502",2016-10-21,4,0,3,3,4,2
"503",2016-10-22,8,2,2,22,46,5
"504",2016-10-23,0,1,0,0,0,1
"505",2016-10-24,1,0,4,2,17,4
"506",2016-10-25,6,26,20,24,45,3
"507",2016-10-26,2,2,0,1,2,1
"508",2016-10-28,0,0,0,0,0,4
"509",2016-10-30,0,1,0,0,0,0
"510",2016-10-31,1,1,0,0,0,2
"511",2016-11-01,15,5,12,23,31,0
"512",2016-11-02,18,3,3,15,47,5
"513",2016-11-03,0,5,0,3,7,2
"514",2016-11-04,22,6,19,322,782,22
"515",2016-11-05,91,63,74,85,207,10
"516",2016-11-06,39,41,60,47,103,11
"517",2016-11-07,30,32,37,6,4,2
"518",2016-11-08,17,20,19,6,16,2
"519",2016-11-09,13,1,6,21,92,1
"520",2016-11-10,4,1,1,0,0,2
"521",2016-11-11,28,17,24,37,119,4
"522",2016-11-12,3,3,1,6,12,1
"523",2016-11-13,2,2,0,3,6,4
"524",2016-11-14,7,3,4,57,140,6
"525",2016-11-15,11,2,0,0,0,1
"526",2016-11-16,14,4,9,27,99,4
"527",2016-11-17,38,48,48,12,62,2
"528",2016-11-18,0,0,0,0,0,1
"529",2016-11-19,137,55,87,182,454,26
"530",2016-11-20,29,25,29,46,82,6
"531",2016-11-21,0,2,0,0,0,1
"532",2016-11-22,32,27,29,56,97,6
"533",2016-11-23,4,2,0,10,22,2
"534",2016-11-24,35,22,33,99,193,7
"535",2016-11-25,0,2,0,0,0,2
"536",2016-11-26,6,0,2,73,187,4
"537",2016-11-27,17,8,6,63,148,4
"538",2016-11-28,0,0,0,0,0,1
"539",2016-11-29,7,1,0,5,4,0
"540",2016-11-30,23,19,23,22,94,4
"541",2016-12-01,2,1,0,5,7,1
"542",2016-12-02,8,6,8,25,61,2
"543",2016-12-03,79,101,123,202,581,18
"544",2016-12-04,5,6,0,0,0,16
"545",2016-12-05,2,1,0,0,1,2
"546",2016-12-06,0,0,0,0,0,3
"547",2016-12-07,0,0,0,0,0,2
"548",2016-12-08,24,23,32,36,117,2
"549",2016-12-09,2,1,0,3,3,5
"550",2016-12-10,0,1,0,0,0,2
"551",2016-12-11,0,0,0,3,1,1
"552",2016-12-12,0,1,0,0,0,2
"553",2016-12-13,4,1,2,3,9,0
"554",2016-12-14,4,3,5,26,66,4
"555",2016-12-15,7,0,1,12,44,2
"556",2016-12-16,9,3,4,30,95,0
"557",2016-12-17,28,17,13,321,736,39
"558",2016-12-18,41,49,57,227,592,39
"559",2016-12-19,7,14,5,2,5,3
"560",2016-12-20,10,11,7,10,12,2
"561",2016-12-21,34,19,23,55,146,1
"562",2016-12-22,4,2,0,8,11,3
"563",2016-12-23,19,0,4,62,102,8
"564",2016-12-24,12,3,1,30,40,1
"565",2016-12-25,4,2,4,27,31,3
"566",2016-12-26,7,1,5,36,53,5
"567",2016-12-27,17,2,6,61,120,7
"568",2016-12-28,0,2,0,1,3,4
"569",2016-12-29,10,4,6,30,52,5
"570",2016-12-30,4,2,2,3,3,3
"571",2016-12-31,15,3,2,19,58,6
"572",2017-01-01,15,4,6,14,18,2
"573",2017-01-02,33,12,12,20,55,8
"574",2017-01-03,3,0,0,23,43,4
"575",2017-01-04,9,17,14,6,12,3
"576",2017-01-05,9,2,5,45,116,2
"577",2017-01-06,4,0,3,0,0,1
"578",2017-01-07,9,2,3,27,77,4
"579",2017-01-08,18,0,4,32,58,4
"580",2017-01-09,4,3,2,20,48,2
"581",2017-01-10,18,10,14,9,14,4
"582",2017-01-11,14,9,11,21,26,0
"583",2017-01-13,0,0,0,0,0,1
"584",2017-01-15,0,0,0,0,0,1
"585",2017-01-17,3,2,3,61,157,5
"586",2017-01-18,27,35,36,10,20,3
"587",2017-01-19,17,6,11,22,54,4
"588",2017-01-20,4,3,2,9,21,4
"589",2017-01-21,0,2,0,0,0,3
"590",2017-01-22,18,20,23,79,243,15
"591",2017-01-23,23,21,26,9,27,10
"592",2017-01-24,11,5,12,18,43,3
"593",2017-01-25,5,1,1,7,52,4
"594",2017-01-26,9,0,0,8,23,0
"595",2017-01-27,1,1,0,6,19,1
"596",2017-01-28,5,0,0,3,9,2
"597",2017-01-29,30,11,14,48,116,6
"598",2017-01-30,0,0,0,0,0,1
"599",2017-01-31,0,0,0,0,0,1
"600",2017-02-01,16,4,10,46,74,6
"601",2017-02-02,33,7,2,603,1510,64
"602",2017-02-03,10,4,2,303,825,31
"603",2017-02-04,172,166,259,1357,3324,81
"604",2017-02-05,24,32,25,12,43,39
"605",2017-02-06,8,5,6,32,58,13
"606",2017-02-07,22,16,14,85,201,8
"607",2017-02-08,52,45,58,246,651,18
"608",2017-02-09,17,13,11,16,44,12
"609",2017-02-10,0,3,0,0,0,3
"610",2017-02-11,59,34,53,133,226,11
"611",2017-02-12,53,33,40,416,997,23
"612",2017-02-13,13,6,7,69,145,17
"613",2017-02-14,48,40,60,90,196,17
"614",2017-02-15,25,2,3,122,248,10
"615",2017-02-16,38,29,54,84,151,12
"616",2017-02-17,90,65,95,122,290,7
"617",2017-02-18,45,35,38,12,21,4
"618",2017-02-19,35,24,34,11,19,2
"619",2017-02-20,33,13,24,36,36,4
"620",2017-02-21,43,68,61,3,7,2
"621",2017-02-22,14,9,7,1,1,0
"622",2017-02-23,57,23,32,28,47,2
"623",2017-02-24,14,5,7,10,7,2
"624",2017-02-25,90,126,144,151,370,51
"625",2017-02-26,75,24,41,106,99,12
"626",2017-02-27,63,12,9,206,284,27
"627",2017-02-28,14,31,42,35,41,12
"628",2017-03-01,5,5,6,11,8,2
"629",2017-03-02,17,16,22,27,49,5
"630",2017-03-03,6,3,3,0,0,2
"631",2017-03-04,0,0,0,0,0,1
"632",2017-03-05,47,17,26,75,124,10
"633",2017-03-06,10,2,6,12,26,1
"634",2017-03-07,11,9,9,26,47,3
"635",2017-03-08,15,6,9,26,56,1
"636",2017-03-09,20,3,0,341,886,21
"637",2017-03-10,24,15,6,202,755,10
"638",2017-03-11,42,0,0,92,213,9
"639",2017-03-12,53,105,139,725,1697,77
"640",2017-03-13,19,74,58,0,6,9
"641",2017-03-14,62,96,105,356,879,44
"642",2017-03-15,60,69,87,18,56,3
"643",2017-03-16,65,64,75,280,530,31
"644",2017-03-17,53,30,57,204,449,19
"645",2017-03-18,37,17,25,13,48,3
"646",2017-03-19,69,63,63,102,184,11
"647",2017-03-20,9,9,8,3,7,12
"648",2017-03-21,15,6,4,337,827,35
"649",2017-03-22,32,75,102,45,77,16
"650",2017-03-23,10,17,20,102,199,17
"651",2017-03-24,23,18,17,351,893,31
"652",2017-03-25,12,9,0,173,479,44
"653",2017-03-26,38,25,44,228,430,28
"654",2017-03-27,17,37,62,4,6,5
"655",2017-03-28,16,14,12,143,357,12
"656",2017-03-29,15,14,22,40,98,8
"657",2017-03-30,25,16,22,143,408,8
"658",2017-03-31,29,23,25,21,52,10
"659",2017-04-01,14,10,11,94,248,14
"660",2017-04-02,17,7,6,224,461,14
"661",2017-04-03,7,3,0,46,113,6
"662",2017-04-04,53,63,74,128,268,15
"663",2017-04-05,27,18,23,54,125,8
"664",2017-04-06,29,26,26,10,29,3
"665",2017-04-07,1,0,0,19,31,2
"666",2017-04-08,13,10,5,576,1136,10
"667",2017-04-09,7,2,0,216,844,8
"668",2017-04-10,23,7,19,74,158,15
"669",2017-04-11,17,7,6,120,308,8
"670",2017-04-12,9,0,0,9,22,0
"671",2017-04-13,23,15,18,148,497,9
"672",2017-04-14,12,8,7,71,205,9
"673",2017-04-15,8,2,4,124,321,6
"674",2017-04-16,28,11,9,102,199,18
"675",2017-04-17,38,24,39,146,430,23
"676",2017-04-18,25,16,18,68,171,7
"677",2017-04-19,0,4,0,0,0,1
"678",2017-04-20,18,4,5,96,275,11
"679",2017-04-21,1,1,0,11,28,4
"680",2017-04-22,70,16,34,227,690,16
"681",2017-04-23,39,17,34,15,29,2
"682",2017-04-24,14,11,10,105,188,5
"683",2017-04-25,19,8,11,54,152,6
"684",2017-04-26,13,0,0,86,170,3
"685",2017-04-27,1,2,0,6,30,4
"686",2017-04-28,0,0,0,0,0,2
"687",2017-04-29,0,0,0,0,0,1
"688",2017-04-30,132,31,55,317,748,25
"689",2017-05-01,0,2,0,0,0,4
"690",2017-05-02,22,7,13,113,333,7
"691",2017-05-03,46,22,32,115,262,9
"692",2017-05-04,70,16,20,483,1529,21
"693",2017-05-05,1,7,1,0,1,19
"694",2017-05-06,0,1,0,0,0,4
"695",2017-05-07,30,4,1,190,392,9
"696",2017-05-08,8,2,0,91,200,17
"697",2017-05-09,29,10,30,73,167,9
"698",2017-05-10,60,26,39,98,346,12
"699",2017-05-11,28,15,13,148,632,10
"700",2017-05-12,50,12,21,130,733,8
"701",2017-05-13,28,13,7,49,162,8
"702",2017-05-14,54,30,48,165,372,15
"703",2017-05-15,74,50,70,82,228,5
"704",2017-05-16,50,22,29,3,7,8
"705",2017-05-17,15,5,6,5,14,2
"706",2017-05-18,49,12,28,212,639,8
"707",2017-05-19,40,14,20,66,257,8
"708",2017-05-20,44,4,4,126,378,15
"709",2017-05-21,22,0,1,74,258,8
"710",2017-05-22,67,35,60,129,333,23
"711",2017-05-23,33,37,29,74,191,5
"712",2017-05-24,21,4,6,57,182,8
"713",2017-05-25,15,9,10,41,151,6
"714",2017-05-26,8,6,4,50,192,7
"715",2017-05-27,22,3,0,60,266,17
"716",2017-05-28,31,9,17,175,862,10
"717",2017-05-29,10,6,0,39,193,18
"718",2017-05-30,27,33,46,86,283,8
"719",2017-05-31,75,31,36,59,242,6
"720",2017-06-01,106,43,78,166,535,5
"721",2017-06-02,79,28,34,49,293,3
"722",2017-06-03,41,5,7,114,380,6
"723",2017-06-04,69,33,31,72,237,10
"724",2017-06-05,31,9,14,90,249,4
"725",2017-06-06,44,26,23,61,167,6
"726",2017-06-07,108,70,95,116,333,18
"727",2017-06-08,56,37,28,123,569,21
"728",2017-06-09,48,3,4,282,986,13
"729",2017-06-10,28,10,10,90,301,12
"730",2017-06-11,51,22,47,141,417,14
"731",2017-06-12,20,10,6,80,298,9
"732",2017-06-13,23,3,0,84,271,9
"733",2017-06-14,44,29,35,55,210,5
"734",2017-06-15,61,41,46,66,265,12
"735",2017-06-16,12,5,6,13,49,1
"736",2017-06-17,31,7,10,121,368,7
"737",2017-06-18,66,16,25,107,426,16
"738",2017-06-19,46,13,23,68,212,14
"739",2017-06-20,26,16,2,74,234,10
"740",2017-06-21,5,2,0,64,199,5
"741",2017-06-22,22,18,31,11,36,6
"742",2017-06-23,2,0,0,23,94,4
"743",2017-06-24,5,3,0,56,129,5
"744",2017-06-25,35,38,56,274,739,27
"745",2017-06-26,69,66,107,145,277,14
"746",2017-06-27,43,31,25,41,73,8
"747",2017-06-28,35,45,40,124,329,11
"748",2017-06-29,8,4,2,10,57,6
"749",2017-06-30,17,7,9,131,410,15
"750",2017-07-01,40,43,61,58,152,18
"751",2017-07-02,20,9,11,11,19,4
"752",2017-07-03,21,7,8,183,552,13
"753",2017-07-04,46,20,22,135,441,22
"754",2017-07-05,9,1,1,27,113,12
"755",2017-07-06,11,3,0,103,305,6
"756",2017-07-07,1,2,0,5,4,5
"757",2017-07-08,0,0,0,0,0,1
"758",2017-07-09,0,0,0,0,0,4
"759",2017-07-10,2,2,2,24,84,9
"760",2017-07-11,16,0,1,177,707,4
"761",2017-07-12,17,4,9,83,274,15
"762",2017-07-13,42,53,57,56,134,5
"763",2017-07-14,5,3,1,40,103,4
"764",2017-07-15,71,37,43,158,389,5
"765",2017-07-16,54,50,54,173,431,19
"766",2017-07-17,24,15,8,52,104,9
"767",2017-07-18,32,36,72,86,297,8
"768",2017-07-19,18,21,23,40,107,5
"769",2017-07-20,3,11,12,70,188,11
"770",2017-07-21,5,3,4,76,211,5
"771",2017-07-22,4,1,0,5,11,7
"772",2017-07-23,18,5,10,172,561,8
"773",2017-07-24,21,12,15,95,256,24
"774",2017-07-25,40,48,50,44,127,13
"775",2017-07-26,24,12,24,78,243,3
"776",2017-07-27,0,1,0,0,0,3
"777",2017-07-28,0,7,0,0,0,1
"778",2017-07-29,3,1,3,1,7,0
"779",2017-07-30,0,2,0,0,0,0
"780",2017-07-31,0,6,0,0,0,1
"781",2017-08-01,0,1,0,0,0,0
"782",2017-08-04,0,1,0,0,0,1
"783",2017-08-05,0,1,0,0,0,1
"784",2017-08-10,7,0,0,3,15,1
"785",2017-08-11,26,4,4,357,1911,3
"786",2017-08-12,51,65,95,110,382,33
"787",2017-08-13,89,76,100,217,643,20
"788",2017-08-14,56,22,26,110,287,10
"789",2017-08-15,64,20,35,96,268,10
"790",2017-08-16,9,4,0,12,36,2
"791",2017-08-17,0,3,0,0,0,0
"792",2017-08-18,21,5,1,22,55,3
"793",2017-08-19,16,0,11,270,806,9
"794",2017-08-20,10,7,5,81,245,3
"795",2017-08-21,5,8,3,10,36,3
"796",2017-08-22,3,1,1,39,83,3
"797",2017-08-23,2,0,0,0,0,4
"798",2017-08-24,8,4,7,48,128,8
"799",2017-08-25,0,4,0,0,0,6
"800",2017-08-26,68,17,18,394,1266,29
"801",2017-08-27,35,25,56,74,249,12
"802",2017-08-28,23,10,20,22,34,17
"803",2017-08-29,7,6,3,2,1,5
"804",2017-08-30,38,14,20,215,570,13
"805",2017-08-31,28,29,30,12,48,10
"806",2017-09-01,61,52,58,202,484,12
"807",2017-09-02,46,33,44,102,211,17
"808",2017-09-03,0,8,0,0,0,6
"809",2017-09-04,23,16,38,141,493,12
"810",2017-09-05,31,20,15,40,128,10
"811",2017-09-06,18,17,24,41,150,5
"812",2017-09-07,34,11,17,77,263,10
"813",2017-09-08,19,3,1,40,159,5
"814",2017-09-09,44,20,34,169,459,17
"815",2017-09-10,42,17,19,133,342,26
"816",2017-09-11,13,9,22,3,6,8
"817",2017-09-12,16,22,19,76,265,6
"818",2017-09-13,18,18,14,56,198,5
"819",2017-09-14,2,2,1,0,0,2
"820",2017-09-15,36,8,16,122,355,13
"821",2017-09-16,61,25,46,95,224,17
"822",2017-09-17,19,26,21,110,300,7
"823",2017-09-18,59,22,37,128,296,9
"824",2017-09-19,41,55,57,62,133,17
"825",2017-09-20,17,7,14,3,5,4
"826",2017-09-21,88,79,100,129,410,12
"827",2017-09-22,15,12,10,6,9,11
"828",2017-09-23,23,1,1,180,402,10
"829",2017-09-24,13,3,0,48,103,20
"830",2017-09-25,0,2,0,0,0,8
"831",2017-09-26,13,23,39,114,463,4
"832",2017-09-27,165,142,212,80,176,12
"833",2017-09-28,69,79,66,61,189,12
"834",2017-09-29,56,38,38,81,238,15
"835",2017-09-30,91,94,101,89,194,14
"836",2017-10-01,8,6,0,10,16,10
"837",2017-10-02,25,8,4,135,387,12
"838",2017-10-03,9,2,0,52,127,13
"839",2017-10-04,9,1,1,7,16,3
"840",2017-10-05,21,0,0,98,234,9
"841",2017-10-06,10,1,0,103,323,7
"842",2017-10-07,39,2,1,113,335,14
"843",2017-10-08,12,4,11,30,117,13
"844",2017-10-09,27,3,12,126,244,16
"845",2017-10-10,0,0,0,0,0,3
"846",2017-10-11,4,1,0,77,247,4
"847",2017-10-12,0,0,0,0,0,5
"848",2017-10-13,40,49,74,156,409,6
"849",2017-10-14,25,33,30,3,7,12
"850",2017-10-15,0,6,0,0,0,5
"851",2017-10-16,10,2,1,28,59,8
"852",2017-10-17,19,28,40,12,36,3
"853",2017-10-18,4,6,5,10,19,2
"854",2017-10-19,8,2,5,85,233,4
"855",2017-10-20,60,41,59,175,477,17
"856",2017-10-21,0,2,0,0,0,2
"857",2017-10-22,8,3,3,68,121,7
"858",2017-10-23,13,10,10,27,64,9
"859",2017-10-24,4,2,2,26,81,5
"860",2017-10-25,25,13,26,78,207,5
"861",2017-10-26,9,9,6,133,431,14
"862",2017-10-27,31,3,5,115,327,9
"863",2017-10-28,94,46,55,72,170,18
"864",2017-10-29,28,16,21,8,18,7
"865",2017-10-30,11,4,8,9,35,1
"866",2017-10-31,2,6,0,0,1,4
"867",2017-11-01,23,7,14,3,23,1
"868",2017-11-02,4,1,1,7,18,3
"869",2017-11-03,12,3,1,171,481,9
"870",2017-11-04,5,3,0,158,390,10
"871",2017-11-05,53,43,37,43,118,13
"872",2017-11-06,18,12,18,74,237,8
"873",2017-11-07,22,16,18,76,209,4
"874",2017-11-08,5,6,6,6,11,6
"875",2017-11-09,0,1,0,0,0,4
"876",2017-11-10,23,1,6,52,166,5
"877",2017-11-11,78,76,100,448,1209,46
"878",2017-11-12,11,3,7,1,6,10
"879",2017-11-13,128,79,119,27,74,13
"880",2017-11-14,24,17,4,38,98,11
"881",2017-11-15,22,1,6,104,403,14
"882",2017-11-16,97,53,75,258,1002,26
"883",2017-11-17,10,2,3,4,14,10
"884",2017-11-18,84,17,29,142,963,20
"885",2017-11-19,64,38,45,202,891,23
"886",2017-11-20,0,2,0,0,0,11
"887",2017-11-21,0,2,0,0,0,6
"888",2017-11-22,2,1,0,0,0,1
"889",2017-11-23,5,1,0,14,100,6
"890",2017-11-24,0,1,0,0,0,3
"891",2017-11-25,99,40,79,275,1410,20
"892",2017-11-26,24,14,10,15,27,5
"893",2017-11-27,8,1,1,0,0,6
"894",2017-11-28,48,24,24,114,392,13
"895",2017-11-29,21,9,13,24,114,5
"896",2017-11-30,114,57,66,216,900,28
"897",2017-12-01,109,35,57,83,383,19
"898",2017-12-02,80,25,33,459,3079,47
"899",2017-12-03,18,11,11,13,32,16
"900",2017-12-04,147,66,102,78,415,9
"901",2017-12-05,61,32,32,78,388,12
"902",2017-12-06,11,10,7,29,114,7
"903",2017-12-07,10,1,1,18,96,5
"904",2017-12-08,38,25,36,69,480,9
"905",2017-12-09,19,4,6,13,60,5
"906",2017-12-10,20,17,20,12,37,6
"907",2017-12-11,12,3,0,60,290,3
"908",2017-12-12,31,20,39,28,96,10
"909",2017-12-13,23,12,15,66,240,8
"910",2017-12-14,25,16,24,17,78,6
"911",2017-12-15,0,2,0,0,0,2
"912",2017-12-16,32,10,17,109,350,8
"913",2017-12-17,30,10,10,70,201,7
"914",2017-12-18,33,12,17,53,179,5
"915",2017-12-19,19,11,12,25,83,4
"916",2017-12-20,25,2,8,55,203,1
"917",2017-12-21,21,11,9,69,251,5
"918",2017-12-22,29,6,2,107,331,4
"919",2017-12-23,8,10,4,32,58,9
"920",2017-12-24,0,2,0,0,0,7
"921",2017-12-25,4,1,0,34,148,4
"922",2017-12-26,0,1,0,0,0,2
"923",2017-12-27,23,15,15,128,645,10
"924",2017-12-28,14,4,6,3,7,7
"925",2017-12-29,18,28,42,83,275,5
"926",2017-12-30,19,19,32,78,282,4
"927",2017-12-31,20,15,12,69,259,6
"928",2018-01-01,65,17,38,104,315,8
"929",2018-01-02,41,26,36,15,40,3
"930",2018-01-03,17,4,3,53,222,6
"931",2018-01-04,13,8,11,69,292,3
"932",2018-01-05,96,53,89,57,190,9
"933",2018-01-06,103,96,162,49,129,5
"934",2018-01-07,106,119,177,104,400,16
"935",2018-01-08,113,86,128,44,143,7
"936",2018-01-09,34,19,25,57,198,2
"937",2018-01-10,32,21,28,33,107,3
"938",2018-01-11,15,4,14,358,865,5
"939",2018-01-12,4,0,1,0,2,1
"940",2018-01-13,12,5,3,14,76,2
"941",2018-01-14,26,8,17,237,638,6
"942",2018-01-15,3,4,2,4,17,4
"943",2018-01-16,19,2,10,2,1,1
"944",2018-01-17,15,3,1,2,1,1
"945",2018-01-18,6,2,1,12,18,7
"946",2018-01-21,2,0,1,0,0,0
"947",2018-01-23,6,3,4,6,12,1
"948",2018-01-24,12,6,9,81,198,16
"949",2018-01-25,0,1,0,0,0,0
"950",2018-01-26,4,1,0,16,69,0
"951",2018-01-27,57,7,17,636,1816,10
"952",2018-01-28,29,17,13,35,123,7
"953",2018-01-29,5,1,0,0,0,0
"954",2018-01-30,0,0,0,0,0,2
"955",2018-02-01,0,0,0,0,0,1
"956",2018-02-02,0,1,0,0,0,1
"957",2018-02-03,0,1,0,0,0,1
"958",2018-02-04,8,0,0,2,45,0
"959",2018-02-06,7,1,11,1,12,0
"960",2018-02-07,6,5,6,0,0,0
"961",2018-02-08,0,1,0,0,0,1
"962",2018-02-10,117,205,247,581,1950,19
"963",2018-02-11,88,89,101,119,433,13
"964",2018-02-12,14,9,9,79,287,7
"965",2018-02-13,0,2,0,0,0,4
"966",2018-02-14,25,29,25,48,122,12
"967",2018-02-15,21,19,17,69,167,5
"968",2018-02-16,14,3,2,44,116,9
"969",2018-02-17,35,25,36,470,1575,11
"970",2018-02-18,17,23,35,107,264,15
"971",2018-02-19,59,69,64,30,66,11
"972",2018-02-20,0,3,0,0,0,3
"973",2018-02-21,2,4,3,2,2,5
"974",2018-02-22,5,11,15,6,15,6
"975",2018-02-23,44,36,40,301,827,17
"976",2018-02-24,50,13,15,166,331,14
"977",2018-02-25,33,18,22,8,22,10
"978",2018-02-26,24,16,14,16,29,5
"979",2018-02-27,0,2,0,0,0,3
"980",2018-02-28,10,5,0,31,91,6
"981",2018-03-01,12,3,4,13,45,8
"982",2018-03-02,1,5,4,0,0,1
"983",2018-03-03,66,32,55,199,406,8
"984",2018-03-04,24,18,20,272,781,16
"985",2018-03-05,6,4,3,4,20,8
"986",2018-03-06,0,1,0,0,0,4
"987",2018-03-07,0,3,0,0,0,3
"988",2018-03-08,0,0,0,0,0,4
"989",2018-03-09,4,0,0,0,0,2
"990",2018-03-10,13,10,16,44,128,5
"991",2018-03-11,49,57,63,356,1234,17
"992",2018-03-12,43,15,27,19,30,7
"993",2018-03-13,88,11,12,142,343,7
"994",2018-03-14,28,14,14,65,148,8
"995",2018-03-15,3,6,2,2,6,6
"996",2018-03-16,9,5,4,36,59,4
"997",2018-03-17,13,26,32,211,615,6
"998",2018-03-18,10,6,1,65,187,12
"999",2018-03-19,3,10,13,6,18,9
"1000",2018-03-20,3,16,23,1,16,3
"1001",2018-03-21,5,1,1,7,10,2
"1002",2018-03-22,1,1,0,0,0,1
"1003",2018-03-23,3,2,3,8,29,1
"1004",2018-03-24,15,10,20,11,25,1
"1005",2018-03-25,31,28,62,146,438,13
"1006",2018-03-26,14,49,60,9,30,6
"1007",2018-03-27,4,10,8,1,4,2
"1008",2018-03-29,15,22,37,86,305,2
"1009",2018-03-30,18,18,22,32,141,0
"1010",2018-03-31,2,0,0,9,23,0
"1011",2018-04-01,29,41,61,21,37,2
"1012",2018-04-02,21,20,11,65,173,9
"1013",2018-04-03,4,1,0,0,0,2
"1014",2018-04-04,0,0,0,0,0,2
"1015",2018-04-05,14,10,19,34,150,3
"1016",2018-04-06,10,1,5,12,48,3
"1017",2018-04-07,0,3,0,0,0,1
"1018",2018-04-08,0,0,0,0,0,1
"1019",2018-04-10,2,0,0,0,0,1
"1020",2018-04-11,0,1,0,0,0,0
"1021",2018-04-12,1,0,0,0,0,2
"1022",2018-04-13,12,5,0,60,223,7
"1023",2018-04-14,0,3,0,0,0,3
"1024",2018-04-15,0,0,0,0,0,4
"1025",2018-04-16,0,1,0,0,0,0
"1026",2018-04-18,0,0,0,0,0,1
"1027",2018-04-19,0,0,0,0,0,1
"1028",2018-04-20,1,0,1,0,0,1
"1029",2018-04-22,0,0,0,0,0,1
"1030",2018-04-23,1,0,0,4,4,2
"1031",2018-04-24,0,3,0,0,0,0
"1032",2018-04-26,0,0,0,0,0,1
"1033",2018-04-27,1,1,0,0,0,2
"1034",2018-04-28,9,3,7,59,277,20
"1035",2018-04-29,0,1,0,0,0,0
"1036",2018-04-30,1,2,0,0,0,0
"1037",2018-05-05,1,0,0,1,20,0
"1038",2018-05-06,1,4,14,11,77,11
"1039",2018-05-07,66,42,37,136,478,13
"1040",2018-05-08,15,13,13,16,70,1
"1041",2018-05-09,5,6,1,21,88,0
"1042",2018-05-10,0,1,0,0,0,0
"1043",2018-05-11,2,1,2,1,22,0
"1044",2018-05-12,10,2,3,6,16,0
"1045",2018-05-15,0,0,0,0,0,1
"1046",2018-05-16,0,2,0,0,0,0
"1047",2018-05-18,0,0,0,0,0,1
"1048",2018-05-19,0,0,0,0,0,1
"1049",2018-05-22,3,0,0,45,299,6
"1050",2018-05-23,10,4,17,28,181,9
"1051",2018-05-24,28,23,19,5,6,0
"1052",2018-05-25,33,23,40,50,294,5
"1053",2018-05-26,2,5,0,0,1,1
"1054",2018-05-27,2,1,0,2,12,1
"1055",2018-05-28,26,23,28,40,97,7
"1056",2018-05-29,4,4,4,4,16,3
"1057",2018-05-30,0,2,0,0,0,1
"1058",2018-05-31,9,3,12,14,113,3
"1059",2018-06-01,13,16,16,2,12,0
"1060",2018-06-02,8,4,3,14,75,4
"1061",2018-06-03,2,5,3,0,0,1
"1062",2018-06-04,6,4,3,10,82,0
"1063",2018-06-05,6,4,1,14,40,1
"1064",2018-06-06,3,0,0,0,0,1
"1065",2018-06-07,20,4,8,15,86,2
"1066",2018-06-08,57,40,61,158,798,12
"1067",2018-06-09,50,52,49,383,1055,23
"1068",2018-06-10,10,16,7,79,188,10
"1069",2018-06-11,2,4,1,8,18,8
"1070",2018-06-12,17,17,25,58,278,9
"1071",2018-06-13,115,108,122,45,168,8
"1072",2018-06-14,16,7,8,0,1,3
"1073",2018-06-15,0,1,0,0,0,1
"1074",2018-06-16,21,24,31,11,27,2
"1075",2018-06-17,20,13,6,82,240,6
"1076",2018-06-18,112,131,154,150,478,4
"1077",2018-06-19,25,28,34,34,121,4
"1078",2018-06-20,13,17,11,25,107,2
"1079",2018-06-21,19,6,9,37,110,1
"1080",2018-06-22,27,6,16,21,94,7
"1081",2018-06-23,25,30,30,33,95,2
"1082",2018-06-24,53,19,16,94,452,7
"1083",2018-06-25,128,33,49,1175,2647,35
"1084",2018-06-26,51,81,90,180,253,17
"1085",2018-06-27,19,19,13,11,19,12
"1086",2018-06-28,17,12,12,66,213,3
"1087",2018-06-29,24,13,22,174,416,8
"1088",2018-06-30,4,3,6,22,39,7
"1089",2018-07-01,2,6,0,62,334,6
"1090",2018-07-02,15,6,17,121,307,10
"1091",2018-07-03,11,16,9,7,32,4
"1092",2018-07-04,27,34,31,9,28,4
"1093",2018-07-05,5,0,3,5,9,3
"1094",2018-07-06,8,0,0,12,33,4
"1095",2018-07-07,6,10,3,15,48,3
"1096",2018-07-08,27,1,10,23,36,3
"1097",2018-07-09,14,0,1,7,24,2
"1098",2018-07-10,4,2,2,9,15,1
"1099",2018-07-11,6,2,2,20,40,2
"1100",2018-07-12,10,11,11,9,19,5
"1101",2018-07-13,5,8,14,1,1,1
"1102",2018-07-14,0,1,0,0,0,1
"1103",2018-07-15,4,0,0,6,4,1
"1104",2018-07-16,73,42,51,302,913,27
"1105",2018-07-17,58,32,27,79,194,15
"1106",2018-07-18,87,48,54,43,126,16
"1107",2018-07-19,52,81,84,30,61,11
"1108",2018-07-20,138,81,88,129,461,26
"1109",2018-07-21,51,25,37,33,148,11
"1110",2018-07-22,46,36,51,22,98,8
"1111",2018-07-23,5,2,0,6,5,6
"1112",2018-07-24,14,1,2,94,286,16
"1113",2018-07-25,17,10,8,20,67,12
"1114",2018-07-26,9,9,2,3,10,0
"1115",2018-07-27,2,0,0,0,0,1
"1116",2018-07-28,26,13,9,126,388,5
"1117",2018-07-29,35,3,9,59,165,10
"1118",2018-07-30,2,3,0,1,7,1
"1119",2018-08-02,0,0,0,0,0,2
"1120",2018-08-03,34,30,21,78,335,11
"1121",2018-08-04,76,164,118,85,314,11
"1122",2018-08-05,85,49,47,74,141,6
"1123",2018-08-06,10,8,3,1,0,3
"1124",2018-08-07,28,26,31,39,125,9
"1125",2018-08-08,13,8,6,5,40,2
"1126",2018-08-09,3,1,0,0,2,2
"1127",2018-08-10,6,5,10,13,20,2
"1128",2018-08-11,23,9,11,56,121,6
"1129",2018-08-12,38,11,27,20,113,2
"1130",2018-08-13,19,14,33,15,55,4
"1131",2018-08-14,2,10,1,0,0,1
"1132",2018-08-15,2,1,0,10,39,2
"1133",2018-08-16,14,0,8,20,88,3
"1134",2018-08-17,3,5,0,16,31,4
"1135",2018-08-18,9,8,11,16,47,6
"1136",2018-08-19,17,16,17,26,111,11
"1137",2018-08-20,8,4,3,6,22,5
"1138",2018-08-21,8,4,5,18,107,3
"1139",2018-08-22,15,7,5,22,65,2
"1140",2018-08-23,25,14,21,10,41,2
"1141",2018-08-24,5,0,0,31,80,2
"1142",2018-08-25,4,0,1,10,51,2
"1143",2018-08-26,19,3,7,72,116,4
"1144",2018-08-27,3,2,2,15,55,3
"1145",2018-08-28,10,8,9,15,40,3
"1146",2018-08-29,19,6,3,22,55,1
"1147",2018-08-30,6,3,6,19,47,3
"1148",2018-08-31,10,4,12,17,49,3
"1149",2018-09-01,20,6,8,17,70,2
"1150",2018-09-02,24,10,18,16,26,2
"1151",2018-09-03,23,16,15,31,67,1
"1152",2018-09-04,2,4,0,7,14,2
"1153",2018-09-06,10,2,2,24,74,4
"1154",2018-09-07,2,3,1,0,0,0
"1155",2018-09-08,22,20,17,76,279,18
"1156",2018-09-09,31,8,13,58,189,12
"1157",2018-09-10,29,12,12,12,45,1
"1158",2018-09-11,5,2,2,3,24,1
"1159",2018-09-12,4,1,0,17,34,0
"1160",2018-09-13,0,0,0,0,0,1
"1161",2018-09-14,5,2,1,12,44,0
"1162",2018-09-15,0,0,0,0,0,1
"1163",2018-09-16,15,3,5,32,118,10
"1164",2018-09-17,14,6,14,6,44,2
"1165",2018-09-18,4,3,0,4,17,0
"1166",2018-09-19,5,1,0,6,46,3
"1167",2018-09-20,1,0,0,4,37,0
"1168",2018-09-21,2,1,0,2,17,1
"1169",2018-09-22,21,4,7,25,75,2
"1170",2018-09-23,19,1,0,60,109,2
"1171",2018-09-24,14,9,2,12,38,1
"1172",2018-09-25,0,0,0,0,0,1
"1173",2018-09-26,0,0,0,0,0,1
"1174",2018-09-27,23,6,13,17,111,3
"1175",2018-09-28,16,3,4,12,38,0
"1176",2018-09-29,29,14,46,4,17,1
"1177",2018-09-30,0,5,0,0,0,1
"1178",2018-10-01,16,0,4,22,80,0
"1179",2018-10-03,0,1,0,0,0,0
"1180",2018-10-04,10,3,1,26,113,2
"1181",2018-10-05,2,0,0,20,38,1
"1182",2018-10-06,32,7,7,61,212,6
"1183",2018-10-07,18,5,6,22,58,9
"1184",2018-10-08,42,8,10,45,157,3
"1185",2018-10-09,7,2,1,28,184,4
"1186",2018-10-11,2,1,0,28,122,0
"1187",2018-10-13,6,0,0,36,198,3
"1188",2018-10-14,0,0,0,0,0,1
"1189",2018-10-15,29,5,13,48,158,4
"1190",2018-10-16,9,0,2,12,41,2
"1191",2018-10-17,6,0,0,19,51,3
"1192",2018-10-18,15,12,12,39,68,4
"1193",2018-10-19,0,0,0,0,0,1
"1194",2018-10-20,5,0,1,22,64,4
"1195",2018-10-21,46,58,67,87,232,12
"1196",2018-10-22,6,4,7,10,36,4
"1197",2018-10-23,1,4,0,0,0,2
"1198",2018-10-24,7,1,0,39,162,3
"1199",2018-10-25,0,0,0,0,0,2
"1200",2018-10-26,2,4,2,17,46,1
"1201",2018-10-27,3,4,10,6,13,5
"1202",2018-10-28,10,6,15,56,107,14
"1203",2018-10-29,0,3,0,0,0,1
"1204",2018-10-30,0,0,0,0,0,2
"1205",2018-10-31,14,18,14,36,162,7
"1206",2018-11-01,0,0,0,0,0,1
"1207",2018-11-04,1,0,0,0,0,0
"1208",2018-11-05,3,1,1,22,0,15
"1209",2018-11-07,55,11,36,121,477,19
"1210",2018-11-08,1,7,3,0,0,3
"1211",2018-11-09,5,27,48,48,102,7
"1212",2018-11-10,3,10,4,7,11,2
"1213",2018-11-11,8,14,16,71,241,12
"1214",2018-11-12,1,5,0,0,0,3
"1215",2018-11-13,0,0,0,0,0,1
"1216",2018-11-14,0,0,0,0,0,2
"1217",2018-11-15,93,46,67,78,321,8
"1218",2018-11-16,15,102,108,3,5,2
"1219",2018-11-17,17,11,11,15,3,2
"1220",2018-11-18,13,5,1,2,0,4
"1221",2018-11-19,2,2,1,0,0,1
"1222",2018-11-20,2,0,0,4,14,2
"1223",2018-11-21,0,0,0,0,0,1
"1224",2018-11-23,6,3,1,29,48,6
"1225",2018-11-29,0,0,0,0,0,2
"1226",2018-12-01,0,0,0,1,13,0
"1227",2018-12-02,2,1,1,0,0,0
"1228",2018-12-03,0,1,0,0,0,0
"1229",2018-12-07,6,17,17,92,427,11
"1230",2018-12-08,13,8,9,32,146,9
"1231",2018-12-09,23,24,23,98,236,17
"1232",2018-12-10,0,3,0,0,0,3
"1233",2018-12-11,1,1,0,5,3,1
"1234",2018-12-12,2,0,1,0,0,0
"1235",2018-12-15,22,16,25,43,221,2
"1236",2018-12-16,0,2,0,0,0,1
"1237",2018-12-17,9,10,3,0,0,0
"1238",2018-12-18,0,1,0,0,0,0
"1239",2018-12-19,0,1,0,0,0,0
"1240",2018-12-20,14,25,31,56,292,3
"1241",2018-12-21,34,14,20,36,137,4
"1242",2018-12-22,33,17,22,165,276,4
"1243",2018-12-23,19,23,12,17,47,4
"1244",2018-12-24,2,3,1,0,0,3
"1245",2018-12-25,61,43,43,252,979,13
"1246",2018-12-26,95,121,162,125,305,33
"1247",2018-12-27,39,28,25,56,93,9
"1248",2018-12-28,20,5,3,93,182,11
"1249",2018-12-29,7,10,21,42,182,8
"1250",2018-12-30,5,8,4,44,93,1
"1251",2018-12-31,2,3,2,0,0,0
"1252",2019-01-01,11,13,11,59,126,4
"1253",2019-01-02,4,7,7,20,122,0
"1254",2019-01-03,19,3,6,44,146,2
"1255",2019-01-04,6,3,4,20,46,1
"1256",2019-01-05,7,1,0,37,72,1
"1257",2019-01-06,0,0,0,0,0,1
"1258",2019-01-07,4,2,0,75,202,2
"1259",2019-01-08,25,27,29,46,106,5
"1260",2019-01-09,4,3,0,16,35,2
"1261",2019-01-10,1,1,0,29,102,0
"1262",2019-01-11,12,2,3,24,41,0
"1263",2019-01-12,1,0,0,31,67,1
"1264",2019-01-14,13,2,0,31,85,2
"1265",2019-01-15,4,0,1,31,39,1
"1266",2019-01-18,1,0,0,0,0,0
"1267",2019-01-20,10,5,1,134,324,5
"1268",2019-01-21,11,4,4,175,750,11
"1269",2019-01-22,4,0,1,21,145,2
"1270",2019-01-23,15,5,6,28,85,4
"1271",2019-01-24,0,1,0,0,0,3
"1272",2019-01-25,4,0,0,7,41,1
"1273",2019-01-26,24,15,31,99,348,5
"1274",2019-01-27,1,12,1,1,0,1
"1275",2019-01-28,0,2,1,0,0,0
"1276",2019-01-29,7,21,29,26,68,4
"1277",2019-01-30,0,2,0,0,0,1
"1278",2019-01-31,18,9,15,36,163,2
"1279",2019-02-01,0,2,0,5,16,0
"1280",2019-02-02,16,31,50,34,72,4
"1281",2019-02-03,0,4,0,0,0,0
"1282",2019-02-05,1,0,0,0,0,0
"1283",2019-02-06,5,0,0,9,25,9
"1284",2019-02-07,3,6,2,24,94,21
"1285",2019-02-08,6,27,40,1,8,1
"1286",2019-02-09,5,8,12,8,36,2
"1287",2019-02-10,20,9,15,229,794,11
"1288",2019-02-11,20,3,1,109,308,10
"1289",2019-02-12,25,8,10,41,101,8
"1290",2019-02-13,27,5,9,13,76,5
"1291",2019-02-14,23,13,11,62,251,8
"1292",2019-02-15,11,19,9,17,48,7
"1293",2019-02-16,5,1,0,0,1,0
"1294",2019-02-17,29,19,24,18,38,5
"1295",2019-02-18,33,60,70,90,174,13
"1296",2019-02-19,3,17,15,0,0,2
"1297",2019-02-20,12,9,11,42,139,7
"1298",2019-02-21,4,3,2,2,3,2
"1299",2019-02-22,14,12,14,47,296,15
"1300",2019-02-23,0,0,1,0,0,0
"1301",2019-02-25,3,0,0,0,2,2
"1302",2019-02-26,4,7,11,27,106,0
"1303",2019-02-27,4,0,1,23,52,2
"1304",2019-02-28,2,0,0,0,0,1
"1305",2019-03-01,1,0,0,3,4,1
"1306",2019-03-03,0,0,0,0,0,1
"1307",2019-03-04,3,1,0,1,18,1
"1308",2019-03-05,20,10,13,69,166,2
"1309",2019-03-06,24,5,16,48,99,2
"1310",2019-03-07,73,67,62,28,132,5
"1311",2019-03-08,14,5,11,11,54,3
"1312",2019-03-09,25,12,17,87,174,7
"1313",2019-03-10,13,8,15,34,96,5
"1314",2019-03-11,3,0,1,6,26,3
"1315",2019-03-12,18,5,5,44,105,3
"1316",2019-03-13,6,2,3,10,12,1
"1317",2019-03-14,9,2,1,3,13,1
"1318",2019-03-15,2,1,0,7,24,1
"1319",2019-03-16,5,0,0,72,170,3
"1320",2019-03-17,5,1,0,17,37,2
"1321",2019-03-18,1,1,0,5,29,0
"1322",2019-03-20,1,0,0,0,0,0
"1323",2019-03-22,6,0,0,35,181,1
"1324",2019-03-23,0,0,0,0,0,1
"1325",2019-03-24,3,22,10,3,0,3
"1326",2019-03-25,2,1,0,6,8,4
"1327",2019-03-26,2,3,0,3,4,2
"1328",2019-03-29,73,63,83,34,182,5
"1329",2019-03-30,4,5,0,0,0,2
"1330",2019-03-31,8,4,6,33,91,3
"1331",2019-04-01,2,1,0,11,36,2
"1332",2019-04-02,1,1,0,0,0,1
"1333",2019-04-03,2,2,4,1,4,2
"1334",2019-04-04,1,0,1,0,0,2
"1335",2019-04-07,36,39,51,108,290,6
"1336",2019-04-08,6,4,2,19,76,6
"1337",2019-04-09,0,1,0,0,0,0
"1338",2019-04-10,2,0,0,10,22,1
"1339",2019-04-12,0,2,0,0,0,1
"1340",2019-04-13,7,4,11,33,86,1
"1341",2019-04-14,12,8,7,37,86,1
"1342",2019-04-15,0,1,0,0,0,1
"1343",2019-04-16,2,1,0,0,0,0
"1344",2019-04-17,0,0,0,0,0,1
"1345",2019-04-18,5,0,0,4,6,1
"1346",2019-04-19,0,0,0,0,0,1
"1347",2019-04-21,1,1,0,3,14,1
"1348",2019-04-27,0,0,0,0,0,1
"1349",2019-04-28,1,0,0,4,15,2
"1350",2019-05-04,1,0,0,6,14,0
"1351",2019-05-06,9,10,8,102,249,14
"1352",2019-05-07,2,1,1,25,96,5
"1353",2019-05-08,0,3,0,0,0,2
"1354",2019-05-10,8,1,0,28,91,4
"1355",2019-05-11,4,2,4,23,215,6
"1356",2019-05-12,4,1,0,7,46,1
"1357",2019-05-14,4,0,1,34,137,3
"1358",2019-05-15,3,0,0,1,2,1
"1359",2019-05-19,4,0,1,21,66,2
"1360",2019-05-20,1,3,0,30,85,0
"1361",2019-05-23,1,0,0,0,0,1
"1362",2019-05-26,2,2,2,6,7,1
"1363",2019-05-27,11,19,22,35,186,5
"1364",2019-05-28,2,5,3,0,0,1
"1365",2019-05-30,0,1,0,0,0,0
"1366",2019-05-31,1,0,0,0,0,0
"1367",2019-06-04,2,1,0,0,0,2
"1368",2019-06-07,0,0,0,0,0,1
"1369",2019-06-09,2,0,1,0,0,0
"1370",2019-06-13,1,1,0,0,0,1
"1371",2019-06-14,1,0,0,0,0,0
"1372",2019-06-19,0,0,0,0,0,1
"1373",2019-06-23,2,0,0,0,0,0
"1374",2019-06-24,0,0,0,0,0,1
"1375",2019-06-26,2,0,0,0,0,0
"1376",2019-06-29,5,12,17,40,87,11
"1377",2019-06-30,8,23,22,33,51,9
"1378",2019-07-02,0,1,0,0,0,0
"1379",2019-07-03,0,1,0,0,0,0
"1380",2019-07-04,2,3,0,3,15,1
"1381",2019-07-14,1,0,1,0,0,1
"1382",2019-07-17,1,0,0,0,0,0
"1383",2019-07-31,2,0,0,0,1,0
"1384",2019-08-03,3,16,18,72,299,9
"1385",2019-08-04,4,34,36,29,46,8
"1386",2019-08-05,19,38,26,203,508,22
"1387",2019-08-06,43,39,53,138,280,14
"1388",2019-08-07,34,167,158,312,844,18
"1389",2019-08-08,3,16,9,3,5,17
"1390",2019-08-09,60,80,75,371,691,19
"1391",2019-08-10,45,207,192,270,405,24
"1392",2019-08-11,3,13,1,2,19,10
"1393",2019-08-12,18,63,59,61,128,16
"1394",2019-08-13,14,20,25,369,1018,19
"1395",2019-08-14,20,49,37,32,101,12
"1396",2019-08-15,41,90,69,90,227,11
"1397",2019-08-16,47,86,111,329,1167,27
"1398",2019-08-17,62,101,92,144,521,17
"1399",2019-08-18,51,152,126,96,214,17
"1400",2019-08-19,11,17,6,23,86,7
"1401",2019-08-20,17,18,25,38,110,5
"1402",2019-08-21,16,17,20,36,146,7
"1403",2019-08-22,7,16,26,6,1,6
"1404",2019-08-23,17,7,1,83,471,17
"1405",2019-08-24,3,11,7,11,18,7
"1406",2019-08-25,15,20,35,35,75,12
"1407",2019-08-26,7,23,19,5,30,3
"1408",2019-08-27,22,17,16,27,127,5
"1409",2019-08-28,14,23,9,4,10,2
"1410",2019-08-29,17,18,18,35,146,0
"1411",2019-08-30,9,54,45,22,58,10
"1412",2019-08-31,5,2,2,4,1,3
"1413",2019-09-01,36,162,193,70,184,15
"1414",2019-09-02,68,56,66,215,767,19
"1415",2019-09-03,20,41,41,73,343,22
"1416",2019-09-04,8,26,20,2,0,4
"1417",2019-09-05,11,19,20,31,81,5
"1418",2019-09-06,16,77,102,59,101,9
"1419",2019-09-07,21,41,30,28,71,5
"1420",2019-09-08,0,3,0,0,0,7
"1421",2019-09-09,4,3,0,0,0,5
"1422",2019-09-10,11,24,27,29,85,3
"1423",2019-09-11,1,2,0,6,4,4
"1424",2019-09-12,7,2,4,29,121,4
"1425",2019-09-13,18,18,14,147,489,20
"1426",2019-09-14,3,60,56,17,33,11
"1427",2019-09-15,2,1,2,0,0,4
"1428",2019-09-16,13,59,42,17,20,3
"1429",2019-09-17,1,2,1,0,0,3
"1430",2019-09-18,1,3,0,0,0,2
"1431",2019-09-19,3,1,1,1,0,0
"1432",2019-09-20,4,0,8,26,109,7
"1433",2019-09-21,3,6,0,3,5,4
"1434",2019-09-22,0,4,0,0,0,2
"1435",2019-09-23,2,2,3,40,80,6
"1436",2019-09-24,4,3,1,0,16,0
"1437",2019-09-25,4,0,0,20,76,4
"1438",2019-09-26,0,1,0,0,0,4
"1439",2019-09-27,1,4,1,98,373,8
"1440",2019-09-28,7,11,13,134,260,18
"1441",2019-09-29,15,5,6,89,327,14
"1442",2019-09-30,13,11,29,76,156,8
"1443",2019-10-01,16,6,7,11,24,7
"1444",2019-10-02,12,12,8,3,12,1
"1445",2019-10-03,6,1,3,0,2,2
"1446",2019-10-05,2,5,1,2,2,1
"1447",2019-10-06,1,8,20,34,123,5
"1448",2019-10-07,35,32,25,10,28,5
"1449",2019-10-08,7,9,7,7,33,5
"1450",2019-10-09,5,12,6,2,0,5
"1451",2019-10-10,0,1,0,0,0,1
"1452",2019-10-11,6,4,5,8,39,2
"1453",2019-10-12,16,23,28,43,144,8
"1454",2019-10-13,13,77,34,8,27,5
"1455",2019-10-14,3,9,6,2,1,1
"1456",2019-10-15,7,3,0,35,114,2
"1457",2019-10-16,0,11,16,0,0,0
